horodatage,promotion,moitie,agenda,cours,precedent,etat
2026-08-29 22:28,L3,BAS,"IRT L3",56,56,OK
2026-08-29 22:28,M1,BAS,"STRI M1 G2",72,72,OK
2026-08-29 22:28,M1,HAUT,"STRI Ingé2 G1",74,74,OK
2026-08-29 22:29,L3,BAS,"IRT L3",56,200,REFUS
2026-08-29 22:29,L3,HAUT,"STRI Ingé1",65,65,OK
2026-08-29 22:45,L3,BAS,"IRT L3",56,56,OK
2026-08-29 22:45,M1,BAS,"STRI M1 G2",72,72,OK
2026-08-29 22:45,M1,HAUT,"STRI Ingé2 G1",74,74,OK
2026-08-29 22:46,L3,HAUT,"STRI Ingé1",65,65,OK
2026-08-29 22:56,M1,BAS,"STRI M1 G2",72,72,OK
2026-08-29 22:57,L3,BAS,"IRT L3",56,56,OK
2026-08-29 22:57,L3,HAUT,"STRI Ingé1",65,65,OK
2026-08-29 22:57,M1,HAUT,"STRI Ingé2 G1",74,74,OK
2026-08-30 01:53,MOODLE,-,"Rendu M1",1,0,ok
2026-08-30 02:18,M1,BAS,"STRI M1 G2",72,72,OK
2026-08-30 02:33,MOODLE,-,"Rendu M1",1,1,ok
2026-08-30 02:34,M1,BAS,"STRI M1 G2",72,72,OK
2026-08-30 05:31,MOODLE,-,"Rendu M1",1,1,ok
2026-08-30 11:34,MOODLE,-,"Rendu M1",21,1,ok
2026-08-30 11:34,MOODLE,-,"Rendu M1",21,21,ok
2026-08-30 12:01,MOODLE,-,"Rendu M1",21,21,ok
2026-08-30 12:57,MOODLE,-,"Rendu M1",21,21,ok
2026-08-30 16:47,MOODLE,-,"Rendu M1",21,21,ok
2026-08-30 19:52,MOODLE,-,"Rendu M1",21,21,ok
2026-08-30 22:49,MOODLE,-,"Rendu M1",21,21,ok
2026-08-31 01:24,MOODLE,-,"Rendu M1",21,21,ok
2026-08-31 07:06,MOODLE,-,"Rendu M1",19,21,ok
2026-08-31 10:35,L3,BAS,"IRT L3",57,56,OK
2026-08-31 10:35,M1,BAS,"STRI M1 G2",72,72,OK
2026-08-31 10:35,M1,HAUT,"STRI Ingé2 G1",74,74,OK
2026-08-31 10:36,L3,HAUT,"STRI Ingé1",66,65,OK
2026-08-31 15:11,MOODLE,-,"Rendu M1",19,19,ok
2026-08-31 20:52,MOODLE,-,"Rendu M1",19,19,ok
2026-08-31 22:18,L3,BAS,"IRT L3",57,57,OK
2026-08-31 22:18,M1,BAS,"STRI M1 G2",72,72,OK
2026-08-31 22:18,M1,HAUT,"STRI Ingé2 G1",74,74,OK
2026-08-31 22:19,L3,HAUT,"STRI Ingé1",66,66,OK
2026-09-01 00:40,MOODLE,-,"Rendu M1",19,19,ok
2026-09-01 06:17,MOODLE,-,"Rendu M1",19,19,ok
2026-09-01 07:08,L3,BAS,"IRT L3",57,57,OK
2026-09-01 07:08,L3,HAUT,"STRI Ingé1",64,66,OK
2026-09-01 07:08,M1,BAS,"STRI M1 G2",72,72,OK
2026-09-01 07:08,M1,HAUT,"STRI Ingé2 G1",74,74,OK
2026-09-01 11:47,MOODLE,-,"Rendu M1",19,19,ok
2026-09-01 12:59,L3,BAS,"IRT L3",56,57,OK
2026-09-01 12:59,M1,BAS,"STRI M1 G2",72,72,OK
2026-09-01 12:59,M1,HAUT,"STRI Ingé2 G1",74,74,OK
2026-09-01 13:00,L3,HAUT,"STRI Ingé1",64,64,OK
2026-09-01 16:44,MOODLE,-,"Rendu M1",19,19,ok
2026-09-01 17:14,M1,BAS,"STRI M1 G2",72,72,OK
2026-09-01 17:15,L3,BAS,"IRT L3",56,56,OK
2026-09-01 17:15,L3,HAUT,"STRI Ingé1",64,64,OK
2026-09-01 17:15,M1,HAUT,"STRI Ingé2 G1",74,74,OK
2026-09-01 19:58,MOODLE,-,"Rendu M1",19,19,ok
2026-09-01 22:39,MOODLE,-,"Rendu M1",19,19,ok
2026-09-02 01:05,MOODLE,-,"Rendu M1",19,19,ok
2026-09-02 05:54,MOODLE,-,"Rendu M1",19,19,ok
2026-09-02 12:20,MOODLE,-,"Rendu Ingé2",19,0,ok
2026-09-02 12:20,MOODLE,-,"Rendu M1",19,19,ok
2026-09-02 11:03,MOODLE,-,"Rendu M1",19,19,ok
2026-09-02 11:03,MOODLE,-,"Rendu Ingé2",18,19,ok
2026-09-02 11:28,MOODLE,-,"Rendu M1",19,19,ok
2026-09-02 11:28,MOODLE,-,"Rendu Ingé2",18,18,ok
2026-09-02 12:12,MOODLE,-,"Rendu M1",19,19,ok
2026-09-02 12:12,MOODLE,-,"Rendu Ingé2",19,18,ok
2026-09-02 12:42,MOODLE,-,"Rendu M1",20,19,ok
2026-09-02 12:42,MOODLE,-,"Rendu Ingé2",20,19,ok
2026-09-02 13:13,M1,BAS,"STRI M1 G2",72,72,OK
2026-09-02 13:13,M1,HAUT,"STRI Ingé2 G1",74,74,OK
2026-09-02 13:13,L3,BAS,"IRT L3",43,56,OK
2026-09-02 13:14,L3,HAUT,"STRI Ingé1",56,64,OK
2026-09-02 13:43,MOODLE,-,"Rendu M1",20,20,ok
2026-09-02 13:43,MOODLE,-,"Rendu Ingé2",20,20,ok
2026-09-02 14:12,MOODLE,-,"Rendu M1",20,20,ok
2026-09-02 14:12,MOODLE,-,"Rendu Ingé2",20,20,ok
2026-09-02 14:43,MOODLE,-,"Rendu M1",20,20,ok
2026-09-02 14:43,MOODLE,-,"Rendu Ingé2",20,20,ok
2026-09-02 15:11,MOODLE,-,"Rendu M1",20,20,ok
2026-09-02 15:11,MOODLE,-,"Rendu Ingé2",20,20,ok
2026-09-02 15:45,MOODLE,-,"Rendu M1",20,20,ok
2026-09-02 15:46,MOODLE,-,"Rendu Ingé2",20,20,ok
2026-09-02 16:13,M1,BAS,"STRI M1 G2",72,72,OK
2026-09-02 16:13,M1,HAUT,"STRI Ingé2 G1",74,74,OK
2026-09-02 16:13,L3,BAS,"IRT L3",43,43,OK
2026-09-02 16:13,L3,HAUT,"STRI Ingé1",56,56,OK
2026-09-02 16:41,MOODLE,-,"Rendu M1",20,20,ok
2026-09-02 16:41,MOODLE,-,"Rendu Ingé2",20,20,ok
2026-09-02 17:12,MOODLE,-,"Rendu M1",20,20,ok
2026-09-02 17:12,MOODLE,-,"Rendu Ingé2",20,20,ok
2026-09-02 17:49,MOODLE,-,"Rendu M1",20,20,ok
2026-09-02 17:49,MOODLE,-,"Rendu Ingé2",20,20,ok
2026-09-02 18:13,MOODLE,-,"Rendu M1",20,20,ok
2026-09-02 18:13,MOODLE,-,"Rendu Ingé2",20,20,ok
2026-09-02 18:41,MOODLE,-,"Rendu M1",20,20,ok
2026-09-02 18:41,MOODLE,-,"Rendu Ingé2",20,20,ok
2026-09-02 19:12,MOODLE,-,"Rendu M1",20,20,ok
2026-09-02 19:12,MOODLE,-,"Rendu Ingé2",20,20,ok
2026-09-02 19:42,MOODLE,-,"Rendu M1",20,20,ok
2026-09-02 19:42,MOODLE,-,"Rendu Ingé2",20,20,ok
2026-09-02 19:51,MOODLE,-,"Rendu M1",20,20,ok
2026-09-02 19:51,MOODLE,-,"Rendu Ingé2",20,20,ok
2026-09-02 20:42,MOODLE,-,"Rendu M1",20,20,ok
2026-09-02 20:42,MOODLE,-,"Rendu Ingé2",20,20,ok
2026-09-02 21:12,MOODLE,-,"Rendu M1",20,20,ok
2026-09-02 21:12,MOODLE,-,"Rendu Ingé2",20,20,ok
2026-09-02 21:41,MOODLE,-,"Rendu M1",20,20,ok
2026-09-02 21:41,MOODLE,-,"Rendu Ingé2",20,20,ok
2026-09-02 22:13,MOODLE,-,"Rendu M1",20,20,ok
2026-09-02 22:13,MOODLE,-,"Rendu Ingé2",20,20,ok
2026-09-02 22:41,MOODLE,-,"Rendu M1",20,20,ok
2026-09-02 22:41,MOODLE,-,"Rendu Ingé2",20,20,ok
2026-09-02 23:13,MOODLE,-,"Rendu M1",20,20,ok
2026-09-02 23:13,MOODLE,-,"Rendu Ingé2",20,20,ok
2026-09-02 23:40,MOODLE,-,"Rendu M1",20,20,ok
2026-09-02 23:40,MOODLE,-,"Rendu Ingé2",20,20,ok
2026-09-03 00:11,MOODLE,-,"Rendu M1",20,20,ok
2026-09-03 00:11,MOODLE,-,"Rendu Ingé2",20,20,ok
2026-09-03 00:41,MOODLE,-,"Rendu M1",20,20,ok
2026-09-03 00:41,MOODLE,-,"Rendu Ingé2",20,20,ok
2026-09-03 01:11,MOODLE,-,"Rendu M1",20,20,ok
2026-09-03 01:11,MOODLE,-,"Rendu Ingé2",20,20,ok
2026-09-03 01:42,MOODLE,-,"Rendu M1",20,20,ok
2026-09-03 01:42,MOODLE,-,"Rendu Ingé2",20,20,ok
2026-09-03 02:12,MOODLE,-,"Rendu M1",20,20,ok
2026-09-03 02:12,MOODLE,-,"Rendu Ingé2",20,20,ok
2026-09-03 02:41,MOODLE,-,"Rendu M1",20,20,ok
2026-09-03 02:41,MOODLE,-,"Rendu Ingé2",20,20,ok
2026-09-03 03:12,MOODLE,-,"Rendu M1",20,20,ok
2026-09-03 03:13,MOODLE,-,"Rendu Ingé2",20,20,ok
2026-09-03 03:43,MOODLE,-,"Rendu M1",20,20,ok
2026-09-03 03:43,MOODLE,-,"Rendu Ingé2",20,20,ok
2026-09-03 04:13,MOODLE,-,"Rendu M1",20,20,ok
2026-09-03 04:13,MOODLE,-,"Rendu Ingé2",20,20,ok
2026-09-03 04:42,MOODLE,-,"Rendu M1",20,20,ok
2026-09-03 04:42,MOODLE,-,"Rendu Ingé2",20,20,ok
2026-09-03 05:12,MOODLE,-,"Rendu M1",20,20,ok
2026-09-03 05:12,MOODLE,-,"Rendu Ingé2",20,20,ok
2026-09-03 05:42,MOODLE,-,"Rendu M1",20,20,ok
2026-09-03 05:42,MOODLE,-,"Rendu Ingé2",20,20,ok
2026-09-03 05:54,MOODLE,-,"Rendu M1",20,20,ok
2026-09-03 05:55,MOODLE,-,"Rendu Ingé2",20,20,ok
2026-09-03 06:43,MOODLE,-,"Rendu M1",20,20,ok
2026-09-03 06:43,MOODLE,-,"Rendu Ingé2",20,20,ok
2026-09-03 07:13,MOODLE,-,"Rendu M1",20,20,ok
2026-09-03 07:13,MOODLE,-,"Rendu Ingé2",20,20,ok
2026-09-03 07:41,MOODLE,-,"Rendu M1",20,20,ok
2026-09-03 07:41,MOODLE,-,"Rendu Ingé2",20,20,ok
2026-09-03 08:12,MOODLE,-,"Rendu M1",20,20,ok
2026-09-03 08:12,MOODLE,-,"Rendu Ingé2",20,20,ok
2026-09-03 08:42,MOODLE,-,"Rendu M1",20,20,ok
2026-09-03 08:42,MOODLE,-,"Rendu Ingé2",20,20,ok
2026-09-03 09:12,MOODLE,-,"Rendu M1",20,20,ok
2026-09-03 09:12,MOODLE,-,"Rendu Ingé2",20,20,ok
2026-09-03 09:41,MOODLE,-,"Rendu M1",20,20,ok
2026-09-03 09:41,MOODLE,-,"Rendu Ingé2",20,20,ok
2026-09-03 09:52,MOODLE,-,"Rendu M1",20,20,ok
2026-09-03 09:52,MOODLE,-,"Rendu Ingé2",20,20,ok
2026-09-03 10:42,M1,BAS,"STRI M1 G2",72,72,OK
2026-09-03 10:42,M1,HAUT,"STRI Ingé2 G1",74,74,OK
2026-09-03 10:42,L3,BAS,"IRT L3",46,43,OK
2026-09-03 10:42,L3,HAUT,"STRI Ingé1",56,56,OK
2026-09-03 11:25,MOODLE,-,"Rendu M1",20,20,ok
2026-09-03 11:25,MOODLE,-,"Rendu Ingé2",20,20,ok
2026-09-03 11:41,M1,BAS,"STRI M1 G2",72,72,OK
2026-09-03 11:41,M1,HAUT,"STRI Ingé2 G1",74,74,OK
2026-09-03 11:41,L3,BAS,"IRT L3",46,46,OK
2026-09-03 11:42,L3,HAUT,"STRI Ingé1",56,56,OK
2026-09-03 14:01,M1,BAS,"STRI M1 G2",72,72,OK
2026-09-03 14:02,M1,HAUT,"STRI Ingé2 G1",74,74,OK
2026-09-03 14:02,L3,BAS,"IRT L3",46,46,OK
2026-09-03 14:02,L3,HAUT,"STRI Ingé1",56,56,OK
2026-09-03 15:04,MOODLE,-,"Rendu M1",20,20,ok
2026-09-03 15:04,MOODLE,-,"Rendu Ingé2",20,20,ok
2026-09-03 18:45,MOODLE,-,"Rendu M1",20,20,ok
2026-09-03 18:45,MOODLE,-,"Rendu Ingé2",20,20,ok
2026-09-03 21:45,MOODLE,-,"Rendu M1",20,20,ok
2026-09-03 21:45,MOODLE,-,"Rendu Ingé2",20,20,ok
2026-09-04 00:09,MOODLE,-,"Rendu M1",20,20,ok
2026-09-04 00:09,MOODLE,-,"Rendu Ingé2",20,20,ok
2026-09-04 04:42,MOODLE,-,"Rendu M1",20,20,ok
2026-09-04 04:42,MOODLE,-,"Rendu Ingé2",20,20,ok
2026-09-04 08:25,L3,BAS,"IRT L3",46,43,OK
2026-09-04 08:27,L3,HAUT,"STRI Ingé1",56,56,OK
2026-09-04 08:51,L3,BAS,"IRT L3",46,46,OK
2026-09-04 08:54,L3,HAUT,"STRI Ingé1",56,56,OK
2026-09-04 09:44,MOODLE,-,"Rendu M1",20,20,ok
2026-09-04 09:44,MOODLE,-,"Rendu Ingé2",20,20,ok
2026-09-04 11:30,MOODLE,-,"Rendu M1",21,20,ok
2026-09-04 11:30,MOODLE,-,"Rendu Ingé2",21,20,ok
2026-09-04 11:51,MOODLE,-,"Rendu M1",22,21,ok
2026-09-04 11:51,MOODLE,-,"Rendu Ingé2",22,21,ok
2026-09-04 13:20,MOODLE,-,"Rendu M1",23,22,ok
2026-09-04 13:20,MOODLE,-,"Rendu Ingé2",23,22,ok
2026-09-04 14:24,MOODLE,-,"Rendu M1",23,23,ok
2026-09-04 14:24,MOODLE,-,"Rendu Ingé2",23,23,ok
2026-09-04 17:40,MOODLE,-,"Rendu M1",23,23,ok
2026-09-04 17:40,MOODLE,-,"Rendu Ingé2",23,23,ok
2026-09-04 20:50,MOODLE,-,"Rendu M1",23,23,ok
2026-09-04 20:50,MOODLE,-,"Rendu Ingé2",23,23,ok
2026-09-04 23:04,MOODLE,-,"Rendu M1",23,23,ok
2026-09-04 23:04,MOODLE,-,"Rendu Ingé2",23,23,ok
2026-09-05 01:04,MOODLE,-,"Rendu M1",23,23,ok
2026-09-05 01:04,MOODLE,-,"Rendu Ingé2",23,23,ok
2026-09-05 05:51,MOODLE,-,"Rendu M1",23,23,ok
2026-09-05 05:51,MOODLE,-,"Rendu Ingé2",23,23,ok
2026-09-05 10:43,MOODLE,-,"Rendu M1",23,23,ok
2026-09-05 10:43,MOODLE,-,"Rendu Ingé2",23,23,ok
2026-09-05 13:54,MOODLE,-,"Rendu M1",23,23,ok
2026-09-05 13:54,MOODLE,-,"Rendu Ingé2",23,23,ok
2026-09-05 16:51,MOODLE,-,"Rendu M1",23,23,ok
2026-09-05 16:51,MOODLE,-,"Rendu Ingé2",23,23,ok
2026-09-05 19:06,MOODLE,-,"Rendu M1",23,23,ok
2026-09-05 19:06,MOODLE,-,"Rendu Ingé2",23,23,ok
2026-09-05 21:20,MOODLE,-,"Rendu M1",23,23,ok
2026-09-05 21:20,MOODLE,-,"Rendu Ingé2",23,23,ok
2026-09-05 22:58,MOODLE,-,"Rendu M1",23,23,ok
2026-09-05 22:58,MOODLE,-,"Rendu Ingé2",23,23,ok
2026-09-06 01:03,MOODLE,-,"Rendu M1",23,23,ok
2026-09-06 01:03,MOODLE,-,"Rendu Ingé2",23,23,ok
2026-09-06 05:51,MOODLE,-,"Rendu M1",22,23,ok
2026-09-06 05:51,MOODLE,-,"Rendu Ingé2",22,23,ok
2026-09-06 06:00,MOODLE,-,"Rendu M1",21,22,ok
2026-09-06 06:00,MOODLE,-,"Rendu Ingé2",21,22,ok
2026-09-06 06:02,MOODLE,-,"Rendu M1",21,21,ok
2026-09-06 06:02,MOODLE,-,"Rendu Ingé2",21,21,ok
2026-09-06 11:06,MOODLE,-,"Rendu M1",21,21,ok
2026-09-06 11:06,MOODLE,-,"Rendu Ingé2",21,21,ok
2026-09-06 14:12,M1,BAS,"STRI M1 G2",72,72,OK
2026-09-06 14:12,M1,HAUT,"STRI Ingé2 G1",74,74,OK
2026-09-06 14:12,L3,BAS,"IRT L3",45,46,OK
2026-09-06 14:12,L3,HAUT,"STRI Ingé1",56,56,OK
2026-09-06 14:14,MOODLE,-,"Rendu M1",21,21,ok
2026-09-06 14:14,MOODLE,-,"Rendu Ingé2",21,21,ok
2026-09-06 17:08,MOODLE,-,"Rendu M1",21,21,ok
2026-09-06 17:08,MOODLE,-,"Rendu Ingé2",21,21,ok
2026-09-06 17:30,MOODLE,-,"Rendu M1",21,21,ok
2026-09-06 17:30,MOODLE,-,"Rendu Ingé2",21,21,ok
2026-09-06 19:17,MOODLE,-,"Rendu M1",21,21,ok
2026-09-06 19:17,MOODLE,-,"Rendu Ingé2",21,21,ok
2026-09-06 21:26,MOODLE,-,"Rendu M1",21,21,ok
2026-09-06 21:26,MOODLE,-,"Rendu Ingé2",21,21,ok
2026-09-07 00:01,MOODLE,-,"Rendu M1",21,21,ok
2026-09-07 00:01,MOODLE,-,"Rendu Ingé2",21,21,ok
2026-09-07 04:53,MOODLE,-,"Rendu M1",21,21,ok
2026-09-07 04:53,MOODLE,-,"Rendu Ingé2",21,21,ok
2026-09-07 10:28,MOODLE,-,"Rendu M1",21,21,ok
2026-09-07 10:28,MOODLE,-,"Rendu Ingé2",21,21,ok
2026-09-07 12:21,MOODLE,-,"Rendu M1",22,21,ok
2026-09-07 12:21,MOODLE,-,"Rendu Ingé2",22,21,ok
2026-09-07 16:32,MOODLE,-,"Rendu M1",22,22,ok
2026-09-07 16:32,MOODLE,-,"Rendu Ingé2",22,22,ok
2026-09-07 20:38,MOODLE,-,"Rendu M1",22,22,ok
2026-09-07 20:38,MOODLE,-,"Rendu Ingé2",22,22,ok
2026-09-07 23:34,MOODLE,-,"Rendu M1",22,22,ok
2026-09-07 23:34,MOODLE,-,"Rendu Ingé2",22,22,ok
2026-09-08 04:49,MOODLE,-,"Rendu M1",22,22,ok
2026-09-08 04:49,MOODLE,-,"Rendu Ingé2",22,22,ok
2026-09-08 09:48,MOODLE,-,"Rendu M1",22,22,ok
2026-09-08 09:49,MOODLE,-,"Rendu Ingé2",22,22,ok
2026-09-08 14:38,MOODLE,-,"Rendu M1",22,22,ok
2026-09-08 14:38,MOODLE,-,"Rendu Ingé2",22,22,ok
2026-09-08 18:47,MOODLE,-,"Rendu M1",22,22,ok
2026-09-08 18:47,MOODLE,-,"Rendu Ingé2",22,22,ok
2026-09-08 21:55,MOODLE,-,"Rendu M1",22,22,ok
2026-09-08 21:55,MOODLE,-,"Rendu Ingé2",22,22,ok
2026-09-09 00:20,MOODLE,-,"Rendu M1",22,22,ok
2026-09-09 00:20,MOODLE,-,"Rendu Ingé2",22,22,ok
2026-09-09 04:52,MOODLE,-,"Rendu M1",22,22,ok
2026-09-09 04:52,MOODLE,-,"Rendu Ingé2",22,22,ok
2026-09-09 09:52,MOODLE,-,"Rendu M1",22,22,ok
2026-09-09 09:52,MOODLE,-,"Rendu Ingé2",22,22,ok
2026-09-09 14:40,MOODLE,-,"Rendu M1",22,22,ok
2026-09-09 14:40,MOODLE,-,"Rendu Ingé2",22,22,ok
2026-09-09 18:41,MOODLE,-,"Rendu M1",22,22,ok
2026-09-09 18:41,MOODLE,-,"Rendu Ingé2",22,22,ok
2026-09-09 21:45,MOODLE,-,"Rendu M1",22,22,ok
2026-09-09 21:45,MOODLE,-,"Rendu Ingé2",22,22,ok
2026-09-10 00:18,MOODLE,-,"Rendu M1",22,22,ok
2026-09-10 00:18,MOODLE,-,"Rendu Ingé2",22,22,ok
2026-09-10 04:53,MOODLE,-,"Rendu M1",22,22,ok
2026-09-10 04:53,MOODLE,-,"Rendu Ingé2",22,22,ok
2026-09-10 06:21,MOODLE,-,"Rendu M1",26,22,ok
2026-09-10 06:21,MOODLE,-,"Rendu Ingé2",26,22,ok
2026-09-10 09:50,MOODLE,-,"Rendu M1",26,26,ok
2026-09-10 09:50,MOODLE,-,"Rendu Ingé2",26,26,ok
2026-09-10 11:02,M1,BAS,"STRI M1 G2",72,72,OK
2026-09-10 11:02,M1,HAUT,"STRI Ingé2 G1",74,74,OK
2026-09-10 11:02,L3,BAS,"IRT L3",43,45,OK
2026-09-10 11:02,L3,HAUT,"STRI Ingé1",58,56,OK
2026-09-10 14:30,MOODLE,-,"Rendu M1",26,26,ok
2026-09-10 14:30,MOODLE,-,"Rendu Ingé2",26,26,ok
2026-09-10 18:32,MOODLE,-,"Rendu M1",26,26,ok
2026-09-10 18:32,MOODLE,-,"Rendu Ingé2",26,26,ok
2026-09-10 21:41,MOODLE,-,"Rendu M1",26,26,ok
2026-09-10 21:41,MOODLE,-,"Rendu Ingé2",26,26,ok
2026-09-11 00:14,MOODLE,-,"Rendu M1",26,26,ok
2026-09-11 00:14,MOODLE,-,"Rendu Ingé2",26,26,ok
2026-09-11 04:49,MOODLE,-,"Rendu M1",26,26,ok
2026-09-11 04:50,MOODLE,-,"Rendu Ingé2",26,26,ok
2026-09-11 09:49,MOODLE,-,"Rendu M1",26,26,ok
2026-09-11 09:49,MOODLE,-,"Rendu Ingé2",26,26,ok
2026-09-11 11:41,MOODLE,-,"Rendu M1",26,26,ok
2026-09-11 11:41,MOODLE,-,"Rendu Ingé2",26,26,ok
2026-09-11 12:01,M1,BAS,"STRI M1 G2",56,72,OK
2026-09-11 12:01,M1,HAUT,"STRI Ingé2 G1",59,74,OK
2026-09-11 12:02,L3,BAS,"IRT L3",43,43,OK
2026-09-11 12:02,L3,HAUT,"STRI Ingé1",58,58,OK
2026-09-11 12:02,MOODLE,-,"Rendu M1",26,26,ok
2026-09-11 12:02,MOODLE,-,"Rendu Ingé2",26,26,ok
2026-09-11 14:30,MOODLE,-,"Rendu M1",26,26,ok
2026-09-11 14:30,MOODLE,-,"Rendu Ingé2",26,26,ok
2026-09-11 18:38,MOODLE,-,"Rendu M1",26,26,ok
2026-09-11 18:38,MOODLE,-,"Rendu Ingé2",26,26,ok
2026-09-11 20:01,MOODLE,-,"Rendu M1",24,26,ok
2026-09-11 20:01,MOODLE,-,"Rendu Ingé2",24,26,ok
2026-09-11 21:46,MOODLE,-,"Rendu M1",24,24,ok
2026-09-11 21:46,MOODLE,-,"Rendu Ingé2",24,24,ok
2026-09-12 00:22,MOODLE,-,"Rendu M1",24,24,ok
2026-09-12 00:22,MOODLE,-,"Rendu Ingé2",24,24,ok
2026-09-12 04:44,MOODLE,-,"Rendu M1",24,24,ok
2026-09-12 04:44,MOODLE,-,"Rendu Ingé2",24,24,ok
2026-09-12 09:26,MOODLE,-,"Rendu M1",24,24,ok
2026-09-12 09:26,MOODLE,-,"Rendu Ingé2",24,24,ok
2026-09-12 13:38,MOODLE,-,"Rendu M1",24,24,ok
2026-09-12 13:38,MOODLE,-,"Rendu Ingé2",24,24,ok
2026-09-12 17:16,MOODLE,-,"Rendu M1",24,24,ok
2026-09-12 17:16,MOODLE,-,"Rendu Ingé2",24,24,ok
2026-09-12 19:26,MOODLE,-,"Rendu M1",24,24,ok
2026-09-12 19:26,MOODLE,-,"Rendu Ingé2",24,24,ok
2026-09-12 21:30,MOODLE,-,"Rendu M1",25,24,ok
2026-09-12 21:30,MOODLE,-,"Rendu Ingé2",25,24,ok
2026-09-12 22:23,MOODLE,-,"Rendu M1",25,25,ok
2026-09-12 22:23,MOODLE,-,"Rendu Ingé2",25,25,ok
2026-09-13 00:03,MOODLE,-,"Rendu M1",25,25,ok
2026-09-13 00:03,MOODLE,-,"Rendu Ingé2",25,25,ok
2026-09-13 04:57,MOODLE,-,"Rendu M1",25,25,ok
2026-09-13 04:57,MOODLE,-,"Rendu Ingé2",25,25,ok
2026-09-13 10:22,MOODLE,-,"Rendu M1",25,25,ok
2026-09-13 10:22,MOODLE,-,"Rendu Ingé2",25,25,ok
2026-09-13 11:31,MOODLE,-,"Rendu M1",26,25,ok
2026-09-13 11:31,MOODLE,-,"Rendu Ingé2",26,25,ok
2026-09-13 11:51,MOODLE,-,"Rendu M1",27,26,ok
2026-09-13 11:51,MOODLE,-,"Rendu Ingé2",27,26,ok
2026-09-13 14:28,MOODLE,-,"Rendu M1",27,27,ok
2026-09-13 14:28,MOODLE,-,"Rendu Ingé2",27,27,ok
2026-09-13 16:31,M1,BAS,"STRI M1 G2",56,56,OK
2026-09-13 16:31,M1,HAUT,"STRI Ingé2 G1",59,59,OK
2026-09-13 16:31,L3,BAS,"IRT L3",43,43,OK
2026-09-13 16:31,L3,HAUT,"STRI Ingé1",58,58,OK
2026-09-13 18:14,MOODLE,-,"Rendu M1",27,27,ok
2026-09-13 18:14,MOODLE,-,"Rendu Ingé2",27,27,ok
2026-09-13 19:41,M1,BAS,"STRI M1 G2",52,56,OK
2026-09-13 19:41,M1,HAUT,"STRI Ingé2 G1",57,59,OK
2026-09-13 19:42,L3,BAS,"IRT L3",43,43,OK
2026-09-13 19:42,L3,HAUT,"STRI Ingé1",58,58,OK
2026-09-13 20:56,MOODLE,-,"Rendu M1",27,27,ok
2026-09-13 20:56,MOODLE,-,"Rendu Ingé2",27,27,ok
2026-09-13 23:13,MOODLE,-,"Rendu M1",27,27,ok
2026-09-13 23:13,MOODLE,-,"Rendu Ingé2",27,27,ok
2026-09-14 01:13,MOODLE,-,"Rendu M1",27,27,ok
2026-09-14 01:13,MOODLE,-,"Rendu Ingé2",27,27,ok
2026-09-14 06:26,MOODLE,-,"Rendu M1",27,27,ok
2026-09-14 06:26,MOODLE,-,"Rendu Ingé2",27,27,ok
2026-09-14 12:31,MOODLE,-,"Rendu M1",27,27,ok
2026-09-14 12:31,MOODLE,-,"Rendu Ingé2",27,27,ok
2026-09-14 14:13,MOODLE,-,"Rendu M1",27,27,ok
2026-09-14 14:13,MOODLE,-,"Rendu Ingé2",27,27,ok
2026-09-14 16:51,MOODLE,-,"Rendu M1",27,27,ok
2026-09-14 16:51,MOODLE,-,"Rendu Ingé2",27,27,ok
2026-09-14 19:28,MOODLE,-,"Rendu M1",27,27,ok
2026-09-14 19:28,MOODLE,-,"Rendu Ingé2",27,27,ok
2026-09-14 23:12,MOODLE,-,"Rendu M1",27,27,ok
2026-09-14 23:12,MOODLE,-,"Rendu Ingé2",27,27,ok
2026-09-15 01:33,MOODLE,-,"Rendu M1",27,27,ok
2026-09-15 01:33,MOODLE,-,"Rendu Ingé2",27,27,ok
2026-09-15 05:01,M1,BAS,"STRI M1 G2",52,52,OK
2026-09-15 05:02,M1,HAUT,"STRI Ingé2 G1",57,57,OK
2026-09-15 05:02,L3,BAS,"IRT L3",43,43,OK
2026-09-15 05:02,L3,HAUT,"STRI Ingé1",57,58,OK
2026-09-15 07:41,MOODLE,-,"Rendu M1",27,27,ok
2026-09-15 07:41,MOODLE,-,"Rendu Ingé2",27,27,ok
2026-09-15 07:52,MOODLE,-,"Rendu M1",27,27,ok
2026-09-15 07:52,MOODLE,-,"Rendu Ingé2",27,27,ok
2026-09-15 08:11,MOODLE,-,"Rendu M1",27,27,ok
2026-09-15 08:11,MOODLE,-,"Rendu Ingé2",27,27,ok
2026-09-15 08:51,M1,BAS,"STRI M1 G2",52,52,OK
2026-09-15 08:51,M1,HAUT,"STRI Ingé2 G1",57,57,OK
2026-09-15 08:51,L3,BAS,"IRT L3",43,43,OK
2026-09-15 08:52,L3,HAUT,"STRI Ingé1",57,57,OK
2026-09-15 09:42,M1,BAS,"STRI M1 G2",52,52,OK
2026-09-15 09:42,M1,HAUT,"STRI Ingé2 G1",57,57,OK
2026-09-15 09:42,L3,BAS,"IRT L3",43,43,OK
2026-09-15 09:42,L3,HAUT,"STRI Ingé1",57,57,OK
2026-09-15 13:39,MOODLE,-,"Rendu M1",27,27,ok
2026-09-15 13:39,MOODLE,-,"Rendu Ingé2",27,27,ok
2026-09-15 18:16,MOODLE,-,"Rendu M1",27,27,ok
2026-09-15 18:16,MOODLE,-,"Rendu Ingé2",27,27,ok
2026-09-15 21:00,MOODLE,-,"Rendu M1",25,27,ok
2026-09-15 21:00,MOODLE,-,"Rendu Ingé2",25,27,ok
2026-09-15 21:28,MOODLE,-,"Rendu M1",25,25,ok
2026-09-15 21:28,MOODLE,-,"Rendu Ingé2",25,25,ok
2026-09-16 00:28,MOODLE,-,"Rendu M1",25,25,ok
2026-09-16 00:28,MOODLE,-,"Rendu Ingé2",25,25,ok
2026-09-16 05:50,MOODLE,-,"Rendu M1",26,25,ok
2026-09-16 05:50,MOODLE,-,"Rendu Ingé2",26,25,ok
2026-09-16 06:08,MOODLE,-,"Rendu M1",26,26,ok
2026-09-16 06:08,MOODLE,-,"Rendu Ingé2",26,26,ok
2026-09-16 08:22,M1,BAS,"STRI M1 G2",52,52,OK
2026-09-16 08:22,M1,HAUT,"STRI Ingé2 G1",55,57,OK
2026-09-16 08:22,L3,BAS,"IRT L3",43,43,OK
2026-09-16 08:22,L3,HAUT,"STRI Ingé1",57,57,OK
2026-09-16 11:47,MOODLE,-,"Rendu M1",26,26,ok
2026-09-16 11:47,MOODLE,-,"Rendu Ingé2",26,26,ok
2026-09-16 17:07,MOODLE,-,"Rendu M1",26,26,ok
2026-09-16 17:07,MOODLE,-,"Rendu Ingé2",26,26,ok
2026-09-16 20:14,MOODLE,-,"Rendu M1",26,26,ok
2026-09-16 20:14,MOODLE,-,"Rendu Ingé2",26,26,ok
2026-09-16 21:41,M1,BAS,"STRI M1 G2",52,52,OK
2026-09-16 21:41,M1,HAUT,"STRI Ingé2 G1",55,55,OK
2026-09-16 21:41,L3,BAS,"IRT L3",43,43,OK
2026-09-16 21:41,L3,HAUT,"STRI Ingé1",56,57,OK
2026-09-16 23:01,MOODLE,-,"Rendu M1",26,26,ok
2026-09-16 23:01,MOODLE,-,"Rendu Ingé2",26,26,ok
2026-09-17 01:30,MOODLE,-,"Rendu M1",26,26,ok
2026-09-17 01:30,MOODLE,-,"Rendu Ingé2",26,26,ok
2026-09-17 07:41,MOODLE,-,"Rendu M1",26,26,ok
2026-09-17 07:41,MOODLE,-,"Rendu Ingé2",26,26,ok
2026-09-17 07:47,MOODLE,-,"Rendu M1",26,26,ok
2026-09-17 07:47,MOODLE,-,"Rendu Ingé2",26,26,ok
2026-09-17 11:11,MOODLE,-,"Rendu M1",27,26,ok
2026-09-17 11:11,MOODLE,-,"Rendu Ingé2",27,26,ok
2026-09-17 13:00,MOODLE,-,"Rendu M1",26,27,ok
2026-09-17 13:00,MOODLE,-,"Rendu Ingé2",26,27,ok
2026-09-17 13:35,MOODLE,-,"Rendu M1",26,26,ok
2026-09-17 13:35,MOODLE,-,"Rendu Ingé2",26,26,ok
2026-09-17 18:20,MOODLE,-,"Rendu M1",26,26,ok
2026-09-17 18:20,MOODLE,-,"Rendu Ingé2",26,26,ok
2026-09-17 21:29,MOODLE,-,"Rendu M1",26,26,ok
2026-09-17 21:29,MOODLE,-,"Rendu Ingé2",26,26,ok
2026-09-18 00:27,MOODLE,-,"Rendu M1",26,26,ok
2026-09-18 00:27,MOODLE,-,"Rendu Ingé2",26,26,ok
2026-09-18 06:00,MOODLE,-,"Rendu M1",26,26,ok
2026-09-18 06:01,MOODLE,-,"Rendu Ingé2",26,26,ok
2026-09-18 11:26,MOODLE,-,"Rendu M1",26,26,ok
2026-09-18 11:26,MOODLE,-,"Rendu Ingé2",26,26,ok
2026-09-18 11:31,MOODLE,-,"Rendu M1",28,26,ok
2026-09-18 11:31,MOODLE,-,"Rendu Ingé2",28,26,ok
2026-09-18 13:30,MOODLE,-,"Rendu M1",26,28,ok
2026-09-18 13:30,MOODLE,-,"Rendu Ingé2",26,28,ok
2026-09-18 16:32,MOODLE,-,"Rendu M1",26,26,ok
2026-09-18 16:32,MOODLE,-,"Rendu Ingé2",26,26,ok
2026-09-18 19:42,MOODLE,-,"Rendu M1",26,26,ok
2026-09-18 19:43,MOODLE,-,"Rendu Ingé2",26,26,ok
2026-09-18 20:01,MOODLE,-,"Rendu M1",25,26,ok
2026-09-18 20:01,MOODLE,-,"Rendu Ingé2",25,26,ok
2026-09-18 22:00,MOODLE,-,"Rendu M1",24,25,ok
2026-09-18 22:00,MOODLE,-,"Rendu Ingé2",24,25,ok
2026-09-18 22:39,MOODLE,-,"Rendu M1",24,24,ok
2026-09-18 22:39,MOODLE,-,"Rendu Ingé2",24,24,ok
2026-09-19 01:16,MOODLE,-,"Rendu M1",24,24,ok
2026-09-19 01:16,MOODLE,-,"Rendu Ingé2",24,24,ok
2026-09-19 05:59,MOODLE,-,"Rendu M1",24,24,ok
2026-09-19 05:59,MOODLE,-,"Rendu Ingé2",24,24,ok
2026-09-19 06:11,M1,BAS,"STRI M1 G2",52,52,OK
2026-09-19 06:11,M1,HAUT,"STRI Ingé2 G1",55,55,OK
2026-09-19 06:11,L3,BAS,"IRT L3",51,43,OK
2026-09-19 06:11,L3,HAUT,"STRI Ingé1",67,56,OK
2026-09-19 11:10,MOODLE,-,"Rendu M1",24,24,ok
2026-09-19 11:10,MOODLE,-,"Rendu Ingé2",24,24,ok
2026-09-19 14:30,MOODLE,-,"Rendu M1",24,24,ok
2026-09-19 14:30,MOODLE,-,"Rendu Ingé2",24,24,ok
2026-09-19 16:22,M1,BAS,"STRI M1 G2",52,52,OK
2026-09-19 16:22,M1,HAUT,"STRI Ingé2 G1",55,55,OK
2026-09-19 16:22,L3,BAS,"IRT L3",51,51,OK
2026-09-19 16:22,L3,HAUT,"STRI Ingé1",67,67,OK
2026-09-19 18:06,MOODLE,-,"Rendu M1",24,24,ok
2026-09-19 18:06,MOODLE,-,"Rendu Ingé2",24,24,ok
2026-09-19 19:42,M1,BAS,"STRI M1 G2",52,52,OK
2026-09-19 19:42,M1,HAUT,"STRI Ingé2 G1",55,55,OK
2026-09-19 19:42,L3,BAS,"IRT L3",51,51,OK
2026-09-19 19:42,L3,HAUT,"STRI Ingé1",66,67,OK
2026-09-19 20:49,MOODLE,-,"Rendu M1",24,24,ok
2026-09-19 20:49,MOODLE,-,"Rendu Ingé2",24,24,ok
2026-09-19 21:31,MOODLE,-,"Rendu M1",25,24,ok
2026-09-19 21:31,MOODLE,-,"Rendu Ingé2",25,24,ok
2026-09-19 23:13,MOODLE,-,"Rendu M1",25,25,ok
2026-09-19 23:13,MOODLE,-,"Rendu Ingé2",25,25,ok
2026-09-20 01:17,MOODLE,-,"Rendu M1",25,25,ok
2026-09-20 01:17,MOODLE,-,"Rendu Ingé2",25,25,ok
2026-09-20 06:24,MOODLE,-,"Rendu M1",25,25,ok
2026-09-20 06:24,MOODLE,-,"Rendu Ingé2",25,25,ok
2026-09-20 08:00,MOODLE,-,"Rendu M1",24,25,ok
2026-09-20 08:00,MOODLE,-,"Rendu Ingé2",24,25,ok
2026-09-20 08:20,MOODLE,-,"Rendu M1",23,24,ok
2026-09-20 08:20,MOODLE,-,"Rendu Ingé2",23,24,ok
2026-09-20 11:30,MOODLE,-,"Rendu M1",24,23,ok
2026-09-20 11:30,MOODLE,-,"Rendu Ingé2",24,23,ok
2026-09-20 11:37,MOODLE,-,"Rendu M1",24,24,ok
2026-09-20 11:37,MOODLE,-,"Rendu Ingé2",24,24,ok
